iter_num,train_loss,val_loss
0,1.4042214170694352,1.4064846655130387
