iter_num,train_loss,val_loss
0,7.334355292081833,7.437167212963105
