iter_num,train_loss,val_loss
0,7.253860865592957,8.277141486644744
