iter_num,train_loss,val_loss
0,1.037172829836607,0.9601591657698154
1000,4.765638901352882,2.594682345509529
2000,0.7147025599777699,0.6758143394589424
3000,0.6597103544771671,0.6342395958900452
4000,0.6931196732968092,0.6359069513231516
