iter_num,train_loss,val_loss
0,4.06014927649498,3.998155000925064
