iter_num,train_loss,val_loss
0,7.7856828761100765,8.211107594490052
1000,0.9520124566853047,1.0487200126349927
2000,0.7292926575839519,0.7279411234855652
3000,0.7043626719117164,0.7303978685289622
4000,0.6703888510167598,0.6966011579036713
5000,0.693321341022849,0.7059932581931353
