iter_num,train_loss,val_loss
0,1.4619189206361771,1.4627090590000154
