iter_num,train_loss,val_loss
0,1.4117090388536453,1.4108606474399568
1000,0.2638323037922382,0.2368980306237936
2000,0.2377866358831525,0.21784747970849275
3000,0.22345676728338004,0.20680686271190643
4000,0.19338491829484702,0.17534706498682498
5000,0.18634399019181727,0.16626276301592588
6000,0.1509079310297966,0.12799217116087674
7000,0.1329015178196132,0.11774996770173311
8000,0.13852508343756198,0.11773330581188202
