iter_num,train_loss,val_loss
0,1.3175957818031312,1.3181848088502883
1000,0.28480074517428877,0.26810978274047376
2000,0.22300354658812285,0.20760087767988444
3000,0.1953572967648506,0.18944270799309015
