iter,train_loss,val_loss
0,1.3821800827980042,1.3819636583328248
100,0.9581056892871856,0.9277651846408844
