iter,train_loss,val_loss
0,1.4028856873512268,1.4056541919708252
0,1.3633646726608277,1.3665932536125183
