iter,train_loss,val_loss
0,1.4028856873512268,1.4056541919708252
0,1.3633646726608277,1.3665932536125183
0,1.389123558998108,1.3904376387596131
0,1.4107736706733705,1.4141277432441712
0,1.4106526970863342,1.4128937602043152
0,1.4027852654457091,1.4047749996185304
100,1.0621461510658263,1.015647304058075
0,1.0698691606521606,1.0142370343208313
10,1.0374227166175842,1.0045836508274077
